date_id,full_date,day_of_week,day_number,week_number,month_number,month_name,quarter,quarter_label,year,is_weekend,is_public_holiday
1,2024-01-01,Monday,1,1,1,January,1,Q1,2024,False,True
2,2024-01-02,Tuesday,2,1,1,January,1,Q1,2024,False,False
3,2024-01-03,Wednesday,3,1,1,January,1,Q1,2024,False,False
4,2024-01-04,Thursday,4,1,1,January,1,Q1,2024,False,False
5,2024-01-05,Friday,5,1,1,January,1,Q1,2024,False,False
6,2024-01-06,Saturday,6,1,1,January,1,Q1,2024,True,False
7,2024-01-07,Sunday,7,1,1,January,1,Q1,2024,True,False
8,2024-01-08,Monday,1,2,1,January,1,Q1,2024,False,False
9,2024-01-09,Tuesday,2,2,1,January,1,Q1,2024,False,False
10,2024-01-10,Wednesday,3,2,1,January,1,Q1,2024,False,False
11,2024-01-11,Thursday,4,2,1,January,1,Q1,2024,False,False
12,2024-01-12,Friday,5,2,1,January,1,Q1,2024,False,False
13,2024-01-13,Saturday,6,2,1,January,1,Q1,2024,True,False
14,2024-01-14,Sunday,7,2,1,January,1,Q1,2024,True,False
15,2024-01-15,Monday,1,3,1,January,1,Q1,2024,False,False
16,2024-01-16,Tuesday,2,3,1,January,1,Q1,2024,False,False
17,2024-01-17,Wednesday,3,3,1,January,1,Q1,2024,False,False
18,2024-01-18,Thursday,4,3,1,January,1,Q1,2024,False,False
19,2024-01-19,Friday,5,3,1,January,1,Q1,2024,False,False
20,2024-01-20,Saturday,6,3,1,January,1,Q1,2024,True,False
21,2024-01-21,Sunday,7,3,1,January,1,Q1,2024,True,False
22,2024-01-22,Monday,1,4,1,January,1,Q1,2024,False,False
23,2024-01-23,Tuesday,2,4,1,January,1,Q1,2024,False,False
24,2024-01-24,Wednesday,3,4,1,January,1,Q1,2024,False,False
25,2024-01-25,Thursday,4,4,1,January,1,Q1,2024,False,False
26,2024-01-26,Friday,5,4,1,January,1,Q1,2024,False,False
27,2024-01-27,Saturday,6,4,1,January,1,Q1,2024,True,False
28,2024-01-28,Sunday,7,4,1,January,1,Q1,2024,True,False
29,2024-01-29,Monday,1,5,1,January,1,Q1,2024,False,False
30,2024-01-30,Tuesday,2,5,1,January,1,Q1,2024,False,False
31,2024-01-31,Wednesday,3,5,1,January,1,Q1,2024,False,False
32,2024-02-01,Thursday,4,5,2,February,1,Q1,2024,False,False
33,2024-02-02,Friday,5,5,2,February,1,Q1,2024,False,False
34,2024-02-03,Saturday,6,5,2,February,1,Q1,2024,True,False
35,2024-02-04,Sunday,7,5,2,February,1,Q1,2024,True,False
36,2024-02-05,Monday,1,6,2,February,1,Q1,2024,False,False
37,2024-02-06,Tuesday,2,6,2,February,1,Q1,2024,False,False
38,2024-02-07,Wednesday,3,6,2,February,1,Q1,2024,False,False
39,2024-02-08,Thursday,4,6,2,February,1,Q1,2024,False,False
40,2024-02-09,Friday,5,6,2,February,1,Q1,2024,False,False
41,2024-02-10,Saturday,6,6,2,February,1,Q1,2024,True,False
42,2024-02-11,Sunday,7,6,2,February,1,Q1,2024,True,False
43,2024-02-12,Monday,1,7,2,February,1,Q1,2024,False,False
44,2024-02-13,Tuesday,2,7,2,February,1,Q1,2024,False,False
45,2024-02-14,Wednesday,3,7,2,February,1,Q1,2024,False,False
46,2024-02-15,Thursday,4,7,2,February,1,Q1,2024,False,False
47,2024-02-16,Friday,5,7,2,February,1,Q1,2024,False,False
48,2024-02-17,Saturday,6,7,2,February,1,Q1,2024,True,False
49,2024-02-18,Sunday,7,7,2,February,1,Q1,2024,True,False
50,2024-02-19,Monday,1,8,2,February,1,Q1,2024,False,False
51,2024-02-20,Tuesday,2,8,2,February,1,Q1,2024,False,False
52,2024-02-21,Wednesday,3,8,2,February,1,Q1,2024,False,False
53,2024-02-22,Thursday,4,8,2,February,1,Q1,2024,False,False
54,2024-02-23,Friday,5,8,2,February,1,Q1,2024,False,False
55,2024-02-24,Saturday,6,8,2,February,1,Q1,2024,True,False
56,2024-02-25,Sunday,7,8,2,February,1,Q1,2024,True,False
57,2024-02-26,Monday,1,9,2,February,1,Q1,2024,False,False
58,2024-02-27,Tuesday,2,9,2,February,1,Q1,2024,False,False
59,2024-02-28,Wednesday,3,9,2,February,1,Q1,2024,False,False
60,2024-02-29,Thursday,4,9,2,February,1,Q1,2024,False,False
61,2024-03-01,Friday,5,9,3,March,1,Q1,2024,False,False
62,2024-03-02,Saturday,6,9,3,March,1,Q1,2024,True,False
63,2024-03-03,Sunday,7,9,3,March,1,Q1,2024,True,False
64,2024-03-04,Monday,1,10,3,March,1,Q1,2024,False,False
65,2024-03-05,Tuesday,2,10,3,March,1,Q1,2024,False,False
66,2024-03-06,Wednesday,3,10,3,March,1,Q1,2024,False,False
67,2024-03-07,Thursday,4,10,3,March,1,Q1,2024,False,False
68,2024-03-08,Friday,5,10,3,March,1,Q1,2024,False,False
69,2024-03-09,Saturday,6,10,3,March,1,Q1,2024,True,False
70,2024-03-10,Sunday,7,10,3,March,1,Q1,2024,True,False
71,2024-03-11,Monday,1,11,3,March,1,Q1,2024,False,False
72,2024-03-12,Tuesday,2,11,3,March,1,Q1,2024,False,False
73,2024-03-13,Wednesday,3,11,3,March,1,Q1,2024,False,False
74,2024-03-14,Thursday,4,11,3,March,1,Q1,2024,False,False
75,2024-03-15,Friday,5,11,3,March,1,Q1,2024,False,False
76,2024-03-16,Saturday,6,11,3,March,1,Q1,2024,True,False
77,2024-03-17,Sunday,7,11,3,March,1,Q1,2024,True,False
78,2024-03-18,Monday,1,12,3,March,1,Q1,2024,False,False
79,2024-03-19,Tuesday,2,12,3,March,1,Q1,2024,False,False
80,2024-03-20,Wednesday,3,12,3,March,1,Q1,2024,False,False
81,2024-03-21,Thursday,4,12,3,March,1,Q1,2024,False,False
82,2024-03-22,Friday,5,12,3,March,1,Q1,2024,False,False
83,2024-03-23,Saturday,6,12,3,March,1,Q1,2024,True,False
84,2024-03-24,Sunday,7,12,3,March,1,Q1,2024,True,False
85,2024-03-25,Monday,1,13,3,March,1,Q1,2024,False,False
86,2024-03-26,Tuesday,2,13,3,March,1,Q1,2024,False,False
87,2024-03-27,Wednesday,3,13,3,March,1,Q1,2024,False,False
88,2024-03-28,Thursday,4,13,3,March,1,Q1,2024,False,False
89,2024-03-29,Friday,5,13,3,March,1,Q1,2024,False,False
90,2024-03-30,Saturday,6,13,3,March,1,Q1,2024,True,False
91,2024-03-31,Sunday,7,13,3,March,1,Q1,2024,True,False
92,2024-04-01,Monday,1,14,4,April,2,Q2,2024,False,True
93,2024-04-02,Tuesday,2,14,4,April,2,Q2,2024,False,False
94,2024-04-03,Wednesday,3,14,4,April,2,Q2,2024,False,False
95,2024-04-04,Thursday,4,14,4,April,2,Q2,2024,False,False
96,2024-04-05,Friday,5,14,4,April,2,Q2,2024,False,False
97,2024-04-06,Saturday,6,14,4,April,2,Q2,2024,True,False
98,2024-04-07,Sunday,7,14,4,April,2,Q2,2024,True,False
99,2024-04-08,Monday,1,15,4,April,2,Q2,2024,False,False
100,2024-04-09,Tuesday,2,15,4,April,2,Q2,2024,False,False
101,2024-04-10,Wednesday,3,15,4,April,2,Q2,2024,False,False
102,2024-04-11,Thursday,4,15,4,April,2,Q2,2024,False,False
103,2024-04-12,Friday,5,15,4,April,2,Q2,2024,False,False
104,2024-04-13,Saturday,6,15,4,April,2,Q2,2024,True,False
105,2024-04-14,Sunday,7,15,4,April,2,Q2,2024,True,False
106,2024-04-15,Monday,1,16,4,April,2,Q2,2024,False,False
107,2024-04-16,Tuesday,2,16,4,April,2,Q2,2024,False,False
108,2024-04-17,Wednesday,3,16,4,April,2,Q2,2024,False,False
109,2024-04-18,Thursday,4,16,4,April,2,Q2,2024,False,False
110,2024-04-19,Friday,5,16,4,April,2,Q2,2024,False,False
111,2024-04-20,Saturday,6,16,4,April,2,Q2,2024,True,False
112,2024-04-21,Sunday,7,16,4,April,2,Q2,2024,True,False
113,2024-04-22,Monday,1,17,4,April,2,Q2,2024,False,False
114,2024-04-23,Tuesday,2,17,4,April,2,Q2,2024,False,False
115,2024-04-24,Wednesday,3,17,4,April,2,Q2,2024,False,False
116,2024-04-25,Thursday,4,17,4,April,2,Q2,2024,False,False
117,2024-04-26,Friday,5,17,4,April,2,Q2,2024,False,False
118,2024-04-27,Saturday,6,17,4,April,2,Q2,2024,True,False
119,2024-04-28,Sunday,7,17,4,April,2,Q2,2024,True,False
120,2024-04-29,Monday,1,18,4,April,2,Q2,2024,False,False
121,2024-04-30,Tuesday,2,18,4,April,2,Q2,2024,False,False
122,2024-05-01,Wednesday,3,18,5,May,2,Q2,2024,False,True
123,2024-05-02,Thursday,4,18,5,May,2,Q2,2024,False,False
124,2024-05-03,Friday,5,18,5,May,2,Q2,2024,False,False
125,2024-05-04,Saturday,6,18,5,May,2,Q2,2024,True,False
126,2024-05-05,Sunday,7,18,5,May,2,Q2,2024,True,False
127,2024-05-06,Monday,1,19,5,May,2,Q2,2024,False,False
128,2024-05-07,Tuesday,2,19,5,May,2,Q2,2024,False,False
129,2024-05-08,Wednesday,3,19,5,May,2,Q2,2024,False,False
130,2024-05-09,Thursday,4,19,5,May,2,Q2,2024,False,False
131,2024-05-10,Friday,5,19,5,May,2,Q2,2024,False,False
132,2024-05-11,Saturday,6,19,5,May,2,Q2,2024,True,False
133,2024-05-12,Sunday,7,19,5,May,2,Q2,2024,True,False
134,2024-05-13,Monday,1,20,5,May,2,Q2,2024,False,False
135,2024-05-14,Tuesday,2,20,5,May,2,Q2,2024,False,False
136,2024-05-15,Wednesday,3,20,5,May,2,Q2,2024,False,False
137,2024-05-16,Thursday,4,20,5,May,2,Q2,2024,False,False
138,2024-05-17,Friday,5,20,5,May,2,Q2,2024,False,False
139,2024-05-18,Saturday,6,20,5,May,2,Q2,2024,True,False
140,2024-05-19,Sunday,7,20,5,May,2,Q2,2024,True,False
141,2024-05-20,Monday,1,21,5,May,2,Q2,2024,False,False
142,2024-05-21,Tuesday,2,21,5,May,2,Q2,2024,False,False
143,2024-05-22,Wednesday,3,21,5,May,2,Q2,2024,False,False
144,2024-05-23,Thursday,4,21,5,May,2,Q2,2024,False,False
145,2024-05-24,Friday,5,21,5,May,2,Q2,2024,False,False
146,2024-05-25,Saturday,6,21,5,May,2,Q2,2024,True,False
147,2024-05-26,Sunday,7,21,5,May,2,Q2,2024,True,False
148,2024-05-27,Monday,1,22,5,May,2,Q2,2024,False,False
149,2024-05-28,Tuesday,2,22,5,May,2,Q2,2024,False,False
150,2024-05-29,Wednesday,3,22,5,May,2,Q2,2024,False,False
151,2024-05-30,Thursday,4,22,5,May,2,Q2,2024,False,False
152,2024-05-31,Friday,5,22,5,May,2,Q2,2024,False,False
153,2024-06-01,Saturday,6,22,6,June,2,Q2,2024,True,False
154,2024-06-02,Sunday,7,22,6,June,2,Q2,2024,True,False
155,2024-06-03,Monday,1,23,6,June,2,Q2,2024,False,False
156,2024-06-04,Tuesday,2,23,6,June,2,Q2,2024,False,False
157,2024-06-05,Wednesday,3,23,6,June,2,Q2,2024,False,False
158,2024-06-06,Thursday,4,23,6,June,2,Q2,2024,False,False
159,2024-06-07,Friday,5,23,6,June,2,Q2,2024,False,False
160,2024-06-08,Saturday,6,23,6,June,2,Q2,2024,True,False
161,2024-06-09,Sunday,7,23,6,June,2,Q2,2024,True,False
162,2024-06-10,Monday,1,24,6,June,2,Q2,2024,False,False
163,2024-06-11,Tuesday,2,24,6,June,2,Q2,2024,False,False
164,2024-06-12,Wednesday,3,24,6,June,2,Q2,2024,False,True
165,2024-06-13,Thursday,4,24,6,June,2,Q2,2024,False,False
166,2024-06-14,Friday,5,24,6,June,2,Q2,2024,False,False
167,2024-06-15,Saturday,6,24,6,June,2,Q2,2024,True,False
168,2024-06-16,Sunday,7,24,6,June,2,Q2,2024,True,False
169,2024-06-17,Monday,1,25,6,June,2,Q2,2024,False,False
170,2024-06-18,Tuesday,2,25,6,June,2,Q2,2024,False,False
171,2024-06-19,Wednesday,3,25,6,June,2,Q2,2024,False,False
172,2024-06-20,Thursday,4,25,6,June,2,Q2,2024,False,False
173,2024-06-21,Friday,5,25,6,June,2,Q2,2024,False,False
174,2024-06-22,Saturday,6,25,6,June,2,Q2,2024,True,False
175,2024-06-23,Sunday,7,25,6,June,2,Q2,2024,True,False
176,2024-06-24,Monday,1,26,6,June,2,Q2,2024,False,False
177,2024-06-25,Tuesday,2,26,6,June,2,Q2,2024,False,False
178,2024-06-26,Wednesday,3,26,6,June,2,Q2,2024,False,False
179,2024-06-27,Thursday,4,26,6,June,2,Q2,2024,False,False
180,2024-06-28,Friday,5,26,6,June,2,Q2,2024,False,False
181,2024-06-29,Saturday,6,26,6,June,2,Q2,2024,True,False
182,2024-06-30,Sunday,7,26,6,June,2,Q2,2024,True,False
183,2024-07-01,Monday,1,27,7,July,3,Q3,2024,False,False
184,2024-07-02,Tuesday,2,27,7,July,3,Q3,2024,False,False
185,2024-07-03,Wednesday,3,27,7,July,3,Q3,2024,False,False
186,2024-07-04,Thursday,4,27,7,July,3,Q3,2024,False,False
187,2024-07-05,Friday,5,27,7,July,3,Q3,2024,False,False
188,2024-07-06,Saturday,6,27,7,July,3,Q3,2024,True,False
189,2024-07-07,Sunday,7,27,7,July,3,Q3,2024,True,False
190,2024-07-08,Monday,1,28,7,July,3,Q3,2024,False,False
191,2024-07-09,Tuesday,2,28,7,July,3,Q3,2024,False,False
192,2024-07-10,Wednesday,3,28,7,July,3,Q3,2024,False,False
193,2024-07-11,Thursday,4,28,7,July,3,Q3,2024,False,False
194,2024-07-12,Friday,5,28,7,July,3,Q3,2024,False,False
195,2024-07-13,Saturday,6,28,7,July,3,Q3,2024,True,False
196,2024-07-14,Sunday,7,28,7,July,3,Q3,2024,True,False
197,2024-07-15,Monday,1,29,7,July,3,Q3,2024,False,False
198,2024-07-16,Tuesday,2,29,7,July,3,Q3,2024,False,False
199,2024-07-17,Wednesday,3,29,7,July,3,Q3,2024,False,False
200,2024-07-18,Thursday,4,29,7,July,3,Q3,2024,False,False
201,2024-07-19,Friday,5,29,7,July,3,Q3,2024,False,False
202,2024-07-20,Saturday,6,29,7,July,3,Q3,2024,True,False
203,2024-07-21,Sunday,7,29,7,July,3,Q3,2024,True,False
204,2024-07-22,Monday,1,30,7,July,3,Q3,2024,False,False
205,2024-07-23,Tuesday,2,30,7,July,3,Q3,2024,False,False
206,2024-07-24,Wednesday,3,30,7,July,3,Q3,2024,False,False
207,2024-07-25,Thursday,4,30,7,July,3,Q3,2024,False,False
208,2024-07-26,Friday,5,30,7,July,3,Q3,2024,False,False
209,2024-07-27,Saturday,6,30,7,July,3,Q3,2024,True,False
210,2024-07-28,Sunday,7,30,7,July,3,Q3,2024,True,False
211,2024-07-29,Monday,1,31,7,July,3,Q3,2024,False,False
212,2024-07-30,Tuesday,2,31,7,July,3,Q3,2024,False,False
213,2024-07-31,Wednesday,3,31,7,July,3,Q3,2024,False,False
214,2024-08-01,Thursday,4,31,8,August,3,Q3,2024,False,False
215,2024-08-02,Friday,5,31,8,August,3,Q3,2024,False,False
216,2024-08-03,Saturday,6,31,8,August,3,Q3,2024,True,False
217,2024-08-04,Sunday,7,31,8,August,3,Q3,2024,True,False
218,2024-08-05,Monday,1,32,8,August,3,Q3,2024,False,False
219,2024-08-06,Tuesday,2,32,8,August,3,Q3,2024,False,False
220,2024-08-07,Wednesday,3,32,8,August,3,Q3,2024,False,False
221,2024-08-08,Thursday,4,32,8,August,3,Q3,2024,False,False
222,2024-08-09,Friday,5,32,8,August,3,Q3,2024,False,False
223,2024-08-10,Saturday,6,32,8,August,3,Q3,2024,True,False
224,2024-08-11,Sunday,7,32,8,August,3,Q3,2024,True,False
225,2024-08-12,Monday,1,33,8,August,3,Q3,2024,False,False
226,2024-08-13,Tuesday,2,33,8,August,3,Q3,2024,False,False
227,2024-08-14,Wednesday,3,33,8,August,3,Q3,2024,False,False
228,2024-08-15,Thursday,4,33,8,August,3,Q3,2024,False,False
229,2024-08-16,Friday,5,33,8,August,3,Q3,2024,False,False
230,2024-08-17,Saturday,6,33,8,August,3,Q3,2024,True,False
231,2024-08-18,Sunday,7,33,8,August,3,Q3,2024,True,False
232,2024-08-19,Monday,1,34,8,August,3,Q3,2024,False,False
233,2024-08-20,Tuesday,2,34,8,August,3,Q3,2024,False,False
234,2024-08-21,Wednesday,3,34,8,August,3,Q3,2024,False,False
235,2024-08-22,Thursday,4,34,8,August,3,Q3,2024,False,False
236,2024-08-23,Friday,5,34,8,August,3,Q3,2024,False,False
237,2024-08-24,Saturday,6,34,8,August,3,Q3,2024,True,False
238,2024-08-25,Sunday,7,34,8,August,3,Q3,2024,True,False
239,2024-08-26,Monday,1,35,8,August,3,Q3,2024,False,False
240,2024-08-27,Tuesday,2,35,8,August,3,Q3,2024,False,False
241,2024-08-28,Wednesday,3,35,8,August,3,Q3,2024,False,False
242,2024-08-29,Thursday,4,35,8,August,3,Q3,2024,False,False
243,2024-08-30,Friday,5,35,8,August,3,Q3,2024,False,False
244,2024-08-31,Saturday,6,35,8,August,3,Q3,2024,True,False
245,2024-09-01,Sunday,7,35,9,September,3,Q3,2024,True,False
246,2024-09-02,Monday,1,36,9,September,3,Q3,2024,False,False
247,2024-09-03,Tuesday,2,36,9,September,3,Q3,2024,False,False
248,2024-09-04,Wednesday,3,36,9,September,3,Q3,2024,False,False
249,2024-09-05,Thursday,4,36,9,September,3,Q3,2024,False,False
250,2024-09-06,Friday,5,36,9,September,3,Q3,2024,False,False
251,2024-09-07,Saturday,6,36,9,September,3,Q3,2024,True,False
252,2024-09-08,Sunday,7,36,9,September,3,Q3,2024,True,False
253,2024-09-09,Monday,1,37,9,September,3,Q3,2024,False,False
254,2024-09-10,Tuesday,2,37,9,September,3,Q3,2024,False,False
255,2024-09-11,Wednesday,3,37,9,September,3,Q3,2024,False,False
256,2024-09-12,Thursday,4,37,9,September,3,Q3,2024,False,False
257,2024-09-13,Friday,5,37,9,September,3,Q3,2024,False,False
258,2024-09-14,Saturday,6,37,9,September,3,Q3,2024,True,False
259,2024-09-15,Sunday,7,37,9,September,3,Q3,2024,True,False
260,2024-09-16,Monday,1,38,9,September,3,Q3,2024,False,False
261,2024-09-17,Tuesday,2,38,9,September,3,Q3,2024,False,False
262,2024-09-18,Wednesday,3,38,9,September,3,Q3,2024,False,False
263,2024-09-19,Thursday,4,38,9,September,3,Q3,2024,False,False
264,2024-09-20,Friday,5,38,9,September,3,Q3,2024,False,False
265,2024-09-21,Saturday,6,38,9,September,3,Q3,2024,True,False
266,2024-09-22,Sunday,7,38,9,September,3,Q3,2024,True,False
267,2024-09-23,Monday,1,39,9,September,3,Q3,2024,False,False
268,2024-09-24,Tuesday,2,39,9,September,3,Q3,2024,False,False
269,2024-09-25,Wednesday,3,39,9,September,3,Q3,2024,False,False
270,2024-09-26,Thursday,4,39,9,September,3,Q3,2024,False,False
271,2024-09-27,Friday,5,39,9,September,3,Q3,2024,False,False
272,2024-09-28,Saturday,6,39,9,September,3,Q3,2024,True,False
273,2024-09-29,Sunday,7,39,9,September,3,Q3,2024,True,False
274,2024-09-30,Monday,1,40,9,September,3,Q3,2024,False,False
275,2024-10-01,Tuesday,2,40,10,October,4,Q4,2024,False,True
276,2024-10-02,Wednesday,3,40,10,October,4,Q4,2024,False,False
277,2024-10-03,Thursday,4,40,10,October,4,Q4,2024,False,False
278,2024-10-04,Friday,5,40,10,October,4,Q4,2024,False,False
279,2024-10-05,Saturday,6,40,10,October,4,Q4,2024,True,False
280,2024-10-06,Sunday,7,40,10,October,4,Q4,2024,True,False
281,2024-10-07,Monday,1,41,10,October,4,Q4,2024,False,False
282,2024-10-08,Tuesday,2,41,10,October,4,Q4,2024,False,False
283,2024-10-09,Wednesday,3,41,10,October,4,Q4,2024,False,False
284,2024-10-10,Thursday,4,41,10,October,4,Q4,2024,False,False
285,2024-10-11,Friday,5,41,10,October,4,Q4,2024,False,False
286,2024-10-12,Saturday,6,41,10,October,4,Q4,2024,True,False
287,2024-10-13,Sunday,7,41,10,October,4,Q4,2024,True,False
288,2024-10-14,Monday,1,42,10,October,4,Q4,2024,False,False
289,2024-10-15,Tuesday,2,42,10,October,4,Q4,2024,False,False
290,2024-10-16,Wednesday,3,42,10,October,4,Q4,2024,False,False
291,2024-10-17,Thursday,4,42,10,October,4,Q4,2024,False,False
292,2024-10-18,Friday,5,42,10,October,4,Q4,2024,False,False
293,2024-10-19,Saturday,6,42,10,October,4,Q4,2024,True,False
294,2024-10-20,Sunday,7,42,10,October,4,Q4,2024,True,False
295,2024-10-21,Monday,1,43,10,October,4,Q4,2024,False,False
296,2024-10-22,Tuesday,2,43,10,October,4,Q4,2024,False,False
297,2024-10-23,Wednesday,3,43,10,October,4,Q4,2024,False,False
298,2024-10-24,Thursday,4,43,10,October,4,Q4,2024,False,False
299,2024-10-25,Friday,5,43,10,October,4,Q4,2024,False,False
300,2024-10-26,Saturday,6,43,10,October,4,Q4,2024,True,False
301,2024-10-27,Sunday,7,43,10,October,4,Q4,2024,True,False
302,2024-10-28,Monday,1,44,10,October,4,Q4,2024,False,False
303,2024-10-29,Tuesday,2,44,10,October,4,Q4,2024,False,False
304,2024-10-30,Wednesday,3,44,10,October,4,Q4,2024,False,False
305,2024-10-31,Thursday,4,44,10,October,4,Q4,2024,False,False
306,2024-11-01,Friday,5,44,11,November,4,Q4,2024,False,False
307,2024-11-02,Saturday,6,44,11,November,4,Q4,2024,True,False
308,2024-11-03,Sunday,7,44,11,November,4,Q4,2024,True,False
309,2024-11-04,Monday,1,45,11,November,4,Q4,2024,False,False
310,2024-11-05,Tuesday,2,45,11,November,4,Q4,2024,False,False
311,2024-11-06,Wednesday,3,45,11,November,4,Q4,2024,False,False
312,2024-11-07,Thursday,4,45,11,November,4,Q4,2024,False,False
313,2024-11-08,Friday,5,45,11,November,4,Q4,2024,False,False
314,2024-11-09,Saturday,6,45,11,November,4,Q4,2024,True,False
315,2024-11-10,Sunday,7,45,11,November,4,Q4,2024,True,False
316,2024-11-11,Monday,1,46,11,November,4,Q4,2024,False,False
317,2024-11-12,Tuesday,2,46,11,November,4,Q4,2024,False,False
318,2024-11-13,Wednesday,3,46,11,November,4,Q4,2024,False,False
319,2024-11-14,Thursday,4,46,11,November,4,Q4,2024,False,False
320,2024-11-15,Friday,5,46,11,November,4,Q4,2024,False,False
321,2024-11-16,Saturday,6,46,11,November,4,Q4,2024,True,False
322,2024-11-17,Sunday,7,46,11,November,4,Q4,2024,True,False
323,2024-11-18,Monday,1,47,11,November,4,Q4,2024,False,False
324,2024-11-19,Tuesday,2,47,11,November,4,Q4,2024,False,False
325,2024-11-20,Wednesday,3,47,11,November,4,Q4,2024,False,False
326,2024-11-21,Thursday,4,47,11,November,4,Q4,2024,False,False
327,2024-11-22,Friday,5,47,11,November,4,Q4,2024,False,False
328,2024-11-23,Saturday,6,47,11,November,4,Q4,2024,True,False
329,2024-11-24,Sunday,7,47,11,November,4,Q4,2024,True,False
330,2024-11-25,Monday,1,48,11,November,4,Q4,2024,False,False
331,2024-11-26,Tuesday,2,48,11,November,4,Q4,2024,False,False
332,2024-11-27,Wednesday,3,48,11,November,4,Q4,2024,False,False
333,2024-11-28,Thursday,4,48,11,November,4,Q4,2024,False,False
334,2024-11-29,Friday,5,48,11,November,4,Q4,2024,False,False
335,2024-11-30,Saturday,6,48,11,November,4,Q4,2024,True,False
336,2024-12-01,Sunday,7,48,12,December,4,Q4,2024,True,False
337,2024-12-02,Monday,1,49,12,December,4,Q4,2024,False,False
338,2024-12-03,Tuesday,2,49,12,December,4,Q4,2024,False,False
339,2024-12-04,Wednesday,3,49,12,December,4,Q4,2024,False,False
340,2024-12-05,Thursday,4,49,12,December,4,Q4,2024,False,False
341,2024-12-06,Friday,5,49,12,December,4,Q4,2024,False,False
342,2024-12-07,Saturday,6,49,12,December,4,Q4,2024,True,False
343,2024-12-08,Sunday,7,49,12,December,4,Q4,2024,True,False
344,2024-12-09,Monday,1,50,12,December,4,Q4,2024,False,False
345,2024-12-10,Tuesday,2,50,12,December,4,Q4,2024,False,False
346,2024-12-11,Wednesday,3,50,12,December,4,Q4,2024,False,False
347,2024-12-12,Thursday,4,50,12,December,4,Q4,2024,False,False
348,2024-12-13,Friday,5,50,12,December,4,Q4,2024,False,False
349,2024-12-14,Saturday,6,50,12,December,4,Q4,2024,True,False
350,2024-12-15,Sunday,7,50,12,December,4,Q4,2024,True,False
351,2024-12-16,Monday,1,51,12,December,4,Q4,2024,False,False
352,2024-12-17,Tuesday,2,51,12,December,4,Q4,2024,False,False
353,2024-12-18,Wednesday,3,51,12,December,4,Q4,2024,False,False
354,2024-12-19,Thursday,4,51,12,December,4,Q4,2024,False,False
355,2024-12-20,Friday,5,51,12,December,4,Q4,2024,False,False
356,2024-12-21,Saturday,6,51,12,December,4,Q4,2024,True,False
357,2024-12-22,Sunday,7,51,12,December,4,Q4,2024,True,False
358,2024-12-23,Monday,1,52,12,December,4,Q4,2024,False,False
359,2024-12-24,Tuesday,2,52,12,December,4,Q4,2024,False,False
360,2024-12-25,Wednesday,3,52,12,December,4,Q4,2024,False,True
361,2024-12-26,Thursday,4,52,12,December,4,Q4,2024,False,True
362,2024-12-27,Friday,5,52,12,December,4,Q4,2024,False,False
363,2024-12-28,Saturday,6,52,12,December,4,Q4,2024,True,False
364,2024-12-29,Sunday,7,52,12,December,4,Q4,2024,True,False
365,2024-12-30,Monday,1,1,12,December,4,Q4,2024,False,False
366,2024-12-31,Tuesday,2,1,12,December,4,Q4,2024,False,False
367,2025-01-01,Wednesday,3,1,1,January,1,Q1,2025,False,True
368,2025-01-02,Thursday,4,1,1,January,1,Q1,2025,False,False
369,2025-01-03,Friday,5,1,1,January,1,Q1,2025,False,False
370,2025-01-04,Saturday,6,1,1,January,1,Q1,2025,True,False
371,2025-01-05,Sunday,7,1,1,January,1,Q1,2025,True,False
372,2025-01-06,Monday,1,2,1,January,1,Q1,2025,False,False
373,2025-01-07,Tuesday,2,2,1,January,1,Q1,2025,False,False
374,2025-01-08,Wednesday,3,2,1,January,1,Q1,2025,False,False
375,2025-01-09,Thursday,4,2,1,January,1,Q1,2025,False,False
376,2025-01-10,Friday,5,2,1,January,1,Q1,2025,False,False
377,2025-01-11,Saturday,6,2,1,January,1,Q1,2025,True,False
378,2025-01-12,Sunday,7,2,1,January,1,Q1,2025,True,False
379,2025-01-13,Monday,1,3,1,January,1,Q1,2025,False,False
380,2025-01-14,Tuesday,2,3,1,January,1,Q1,2025,False,False
381,2025-01-15,Wednesday,3,3,1,January,1,Q1,2025,False,False
382,2025-01-16,Thursday,4,3,1,January,1,Q1,2025,False,False
383,2025-01-17,Friday,5,3,1,January,1,Q1,2025,False,False
384,2025-01-18,Saturday,6,3,1,January,1,Q1,2025,True,False
385,2025-01-19,Sunday,7,3,1,January,1,Q1,2025,True,False
386,2025-01-20,Monday,1,4,1,January,1,Q1,2025,False,False
387,2025-01-21,Tuesday,2,4,1,January,1,Q1,2025,False,False
388,2025-01-22,Wednesday,3,4,1,January,1,Q1,2025,False,False
389,2025-01-23,Thursday,4,4,1,January,1,Q1,2025,False,False
390,2025-01-24,Friday,5,4,1,January,1,Q1,2025,False,False
391,2025-01-25,Saturday,6,4,1,January,1,Q1,2025,True,False
392,2025-01-26,Sunday,7,4,1,January,1,Q1,2025,True,False
393,2025-01-27,Monday,1,5,1,January,1,Q1,2025,False,False
394,2025-01-28,Tuesday,2,5,1,January,1,Q1,2025,False,False
395,2025-01-29,Wednesday,3,5,1,January,1,Q1,2025,False,False
396,2025-01-30,Thursday,4,5,1,January,1,Q1,2025,False,False
397,2025-01-31,Friday,5,5,1,January,1,Q1,2025,False,False
398,2025-02-01,Saturday,6,5,2,February,1,Q1,2025,True,False
399,2025-02-02,Sunday,7,5,2,February,1,Q1,2025,True,False
400,2025-02-03,Monday,1,6,2,February,1,Q1,2025,False,False
401,2025-02-04,Tuesday,2,6,2,February,1,Q1,2025,False,False
402,2025-02-05,Wednesday,3,6,2,February,1,Q1,2025,False,False
403,2025-02-06,Thursday,4,6,2,February,1,Q1,2025,False,False
404,2025-02-07,Friday,5,6,2,February,1,Q1,2025,False,False
405,2025-02-08,Saturday,6,6,2,February,1,Q1,2025,True,False
406,2025-02-09,Sunday,7,6,2,February,1,Q1,2025,True,False
407,2025-02-10,Monday,1,7,2,February,1,Q1,2025,False,False
408,2025-02-11,Tuesday,2,7,2,February,1,Q1,2025,False,False
409,2025-02-12,Wednesday,3,7,2,February,1,Q1,2025,False,False
410,2025-02-13,Thursday,4,7,2,February,1,Q1,2025,False,False
411,2025-02-14,Friday,5,7,2,February,1,Q1,2025,False,False
412,2025-02-15,Saturday,6,7,2,February,1,Q1,2025,True,False
413,2025-02-16,Sunday,7,7,2,February,1,Q1,2025,True,False
414,2025-02-17,Monday,1,8,2,February,1,Q1,2025,False,False
415,2025-02-18,Tuesday,2,8,2,February,1,Q1,2025,False,False
416,2025-02-19,Wednesday,3,8,2,February,1,Q1,2025,False,False
417,2025-02-20,Thursday,4,8,2,February,1,Q1,2025,False,False
418,2025-02-21,Friday,5,8,2,February,1,Q1,2025,False,False
419,2025-02-22,Saturday,6,8,2,February,1,Q1,2025,True,False
420,2025-02-23,Sunday,7,8,2,February,1,Q1,2025,True,False
421,2025-02-24,Monday,1,9,2,February,1,Q1,2025,False,False
422,2025-02-25,Tuesday,2,9,2,February,1,Q1,2025,False,False
423,2025-02-26,Wednesday,3,9,2,February,1,Q1,2025,False,False
424,2025-02-27,Thursday,4,9,2,February,1,Q1,2025,False,False
425,2025-02-28,Friday,5,9,2,February,1,Q1,2025,False,False
426,2025-03-01,Saturday,6,9,3,March,1,Q1,2025,True,False
427,2025-03-02,Sunday,7,9,3,March,1,Q1,2025,True,False
428,2025-03-03,Monday,1,10,3,March,1,Q1,2025,False,False
429,2025-03-04,Tuesday,2,10,3,March,1,Q1,2025,False,False
430,2025-03-05,Wednesday,3,10,3,March,1,Q1,2025,False,False
431,2025-03-06,Thursday,4,10,3,March,1,Q1,2025,False,False
432,2025-03-07,Friday,5,10,3,March,1,Q1,2025,False,False
433,2025-03-08,Saturday,6,10,3,March,1,Q1,2025,True,False
434,2025-03-09,Sunday,7,10,3,March,1,Q1,2025,True,False
435,2025-03-10,Monday,1,11,3,March,1,Q1,2025,False,False
436,2025-03-11,Tuesday,2,11,3,March,1,Q1,2025,False,False
437,2025-03-12,Wednesday,3,11,3,March,1,Q1,2025,False,False
438,2025-03-13,Thursday,4,11,3,March,1,Q1,2025,False,False
439,2025-03-14,Friday,5,11,3,March,1,Q1,2025,False,False
440,2025-03-15,Saturday,6,11,3,March,1,Q1,2025,True,False
441,2025-03-16,Sunday,7,11,3,March,1,Q1,2025,True,False
442,2025-03-17,Monday,1,12,3,March,1,Q1,2025,False,False
443,2025-03-18,Tuesday,2,12,3,March,1,Q1,2025,False,False
444,2025-03-19,Wednesday,3,12,3,March,1,Q1,2025,False,False
445,2025-03-20,Thursday,4,12,3,March,1,Q1,2025,False,False
446,2025-03-21,Friday,5,12,3,March,1,Q1,2025,False,False
447,2025-03-22,Saturday,6,12,3,March,1,Q1,2025,True,False
448,2025-03-23,Sunday,7,12,3,March,1,Q1,2025,True,False
449,2025-03-24,Monday,1,13,3,March,1,Q1,2025,False,False
450,2025-03-25,Tuesday,2,13,3,March,1,Q1,2025,False,False
451,2025-03-26,Wednesday,3,13,3,March,1,Q1,2025,False,False
452,2025-03-27,Thursday,4,13,3,March,1,Q1,2025,False,False
453,2025-03-28,Friday,5,13,3,March,1,Q1,2025,False,False
454,2025-03-29,Saturday,6,13,3,March,1,Q1,2025,True,False
455,2025-03-30,Sunday,7,13,3,March,1,Q1,2025,True,False
456,2025-03-31,Monday,1,14,3,March,1,Q1,2025,False,False
457,2025-04-01,Tuesday,2,14,4,April,2,Q2,2025,False,False
458,2025-04-02,Wednesday,3,14,4,April,2,Q2,2025,False,False
459,2025-04-03,Thursday,4,14,4,April,2,Q2,2025,False,False
460,2025-04-04,Friday,5,14,4,April,2,Q2,2025,False,False
461,2025-04-05,Saturday,6,14,4,April,2,Q2,2025,True,False
462,2025-04-06,Sunday,7,14,4,April,2,Q2,2025,True,False
463,2025-04-07,Monday,1,15,4,April,2,Q2,2025,False,False
464,2025-04-08,Tuesday,2,15,4,April,2,Q2,2025,False,False
465,2025-04-09,Wednesday,3,15,4,April,2,Q2,2025,False,False
466,2025-04-10,Thursday,4,15,4,April,2,Q2,2025,False,False
467,2025-04-11,Friday,5,15,4,April,2,Q2,2025,False,False
468,2025-04-12,Saturday,6,15,4,April,2,Q2,2025,True,False
469,2025-04-13,Sunday,7,15,4,April,2,Q2,2025,True,False
470,2025-04-14,Monday,1,16,4,April,2,Q2,2025,False,False
471,2025-04-15,Tuesday,2,16,4,April,2,Q2,2025,False,False
472,2025-04-16,Wednesday,3,16,4,April,2,Q2,2025,False,False
473,2025-04-17,Thursday,4,16,4,April,2,Q2,2025,False,False
474,2025-04-18,Friday,5,16,4,April,2,Q2,2025,False,True
475,2025-04-19,Saturday,6,16,4,April,2,Q2,2025,True,False
476,2025-04-20,Sunday,7,16,4,April,2,Q2,2025,True,False
477,2025-04-21,Monday,1,17,4,April,2,Q2,2025,False,False
478,2025-04-22,Tuesday,2,17,4,April,2,Q2,2025,False,False
479,2025-04-23,Wednesday,3,17,4,April,2,Q2,2025,False,False
480,2025-04-24,Thursday,4,17,4,April,2,Q2,2025,False,False
481,2025-04-25,Friday,5,17,4,April,2,Q2,2025,False,False
482,2025-04-26,Saturday,6,17,4,April,2,Q2,2025,True,False
483,2025-04-27,Sunday,7,17,4,April,2,Q2,2025,True,False
484,2025-04-28,Monday,1,18,4,April,2,Q2,2025,False,False
485,2025-04-29,Tuesday,2,18,4,April,2,Q2,2025,False,False
486,2025-04-30,Wednesday,3,18,4,April,2,Q2,2025,False,False
487,2025-05-01,Thursday,4,18,5,May,2,Q2,2025,False,True
488,2025-05-02,Friday,5,18,5,May,2,Q2,2025,False,False
489,2025-05-03,Saturday,6,18,5,May,2,Q2,2025,True,False
490,2025-05-04,Sunday,7,18,5,May,2,Q2,2025,True,False
491,2025-05-05,Monday,1,19,5,May,2,Q2,2025,False,False
492,2025-05-06,Tuesday,2,19,5,May,2,Q2,2025,False,False
493,2025-05-07,Wednesday,3,19,5,May,2,Q2,2025,False,False
494,2025-05-08,Thursday,4,19,5,May,2,Q2,2025,False,False
495,2025-05-09,Friday,5,19,5,May,2,Q2,2025,False,False
496,2025-05-10,Saturday,6,19,5,May,2,Q2,2025,True,False
497,2025-05-11,Sunday,7,19,5,May,2,Q2,2025,True,False
498,2025-05-12,Monday,1,20,5,May,2,Q2,2025,False,False
499,2025-05-13,Tuesday,2,20,5,May,2,Q2,2025,False,False
500,2025-05-14,Wednesday,3,20,5,May,2,Q2,2025,False,False
501,2025-05-15,Thursday,4,20,5,May,2,Q2,2025,False,False
502,2025-05-16,Friday,5,20,5,May,2,Q2,2025,False,False
503,2025-05-17,Saturday,6,20,5,May,2,Q2,2025,True,False
504,2025-05-18,Sunday,7,20,5,May,2,Q2,2025,True,False
505,2025-05-19,Monday,1,21,5,May,2,Q2,2025,False,False
506,2025-05-20,Tuesday,2,21,5,May,2,Q2,2025,False,False
507,2025-05-21,Wednesday,3,21,5,May,2,Q2,2025,False,False
508,2025-05-22,Thursday,4,21,5,May,2,Q2,2025,False,False
509,2025-05-23,Friday,5,21,5,May,2,Q2,2025,False,False
510,2025-05-24,Saturday,6,21,5,May,2,Q2,2025,True,False
511,2025-05-25,Sunday,7,21,5,May,2,Q2,2025,True,False
512,2025-05-26,Monday,1,22,5,May,2,Q2,2025,False,False
513,2025-05-27,Tuesday,2,22,5,May,2,Q2,2025,False,False
514,2025-05-28,Wednesday,3,22,5,May,2,Q2,2025,False,False
515,2025-05-29,Thursday,4,22,5,May,2,Q2,2025,False,False
516,2025-05-30,Friday,5,22,5,May,2,Q2,2025,False,False
517,2025-05-31,Saturday,6,22,5,May,2,Q2,2025,True,False
518,2025-06-01,Sunday,7,22,6,June,2,Q2,2025,True,False
519,2025-06-02,Monday,1,23,6,June,2,Q2,2025,False,False
520,2025-06-03,Tuesday,2,23,6,June,2,Q2,2025,False,False
521,2025-06-04,Wednesday,3,23,6,June,2,Q2,2025,False,False
522,2025-06-05,Thursday,4,23,6,June,2,Q2,2025,False,False
523,2025-06-06,Friday,5,23,6,June,2,Q2,2025,False,False
524,2025-06-07,Saturday,6,23,6,June,2,Q2,2025,True,False
525,2025-06-08,Sunday,7,23,6,June,2,Q2,2025,True,False
526,2025-06-09,Monday,1,24,6,June,2,Q2,2025,False,False
527,2025-06-10,Tuesday,2,24,6,June,2,Q2,2025,False,False
528,2025-06-11,Wednesday,3,24,6,June,2,Q2,2025,False,False
529,2025-06-12,Thursday,4,24,6,June,2,Q2,2025,False,True
530,2025-06-13,Friday,5,24,6,June,2,Q2,2025,False,False
531,2025-06-14,Saturday,6,24,6,June,2,Q2,2025,True,False
532,2025-06-15,Sunday,7,24,6,June,2,Q2,2025,True,False
533,2025-06-16,Monday,1,25,6,June,2,Q2,2025,False,False
534,2025-06-17,Tuesday,2,25,6,June,2,Q2,2025,False,False
535,2025-06-18,Wednesday,3,25,6,June,2,Q2,2025,False,False
536,2025-06-19,Thursday,4,25,6,June,2,Q2,2025,False,False
537,2025-06-20,Friday,5,25,6,June,2,Q2,2025,False,False
538,2025-06-21,Saturday,6,25,6,June,2,Q2,2025,True,False
539,2025-06-22,Sunday,7,25,6,June,2,Q2,2025,True,False
540,2025-06-23,Monday,1,26,6,June,2,Q2,2025,False,False
541,2025-06-24,Tuesday,2,26,6,June,2,Q2,2025,False,False
542,2025-06-25,Wednesday,3,26,6,June,2,Q2,2025,False,False
543,2025-06-26,Thursday,4,26,6,June,2,Q2,2025,False,False
544,2025-06-27,Friday,5,26,6,June,2,Q2,2025,False,False
545,2025-06-28,Saturday,6,26,6,June,2,Q2,2025,True,False
546,2025-06-29,Sunday,7,26,6,June,2,Q2,2025,True,False
547,2025-06-30,Monday,1,27,6,June,2,Q2,2025,False,False
548,2025-07-01,Tuesday,2,27,7,July,3,Q3,2025,False,False
549,2025-07-02,Wednesday,3,27,7,July,3,Q3,2025,False,False
550,2025-07-03,Thursday,4,27,7,July,3,Q3,2025,False,False
551,2025-07-04,Friday,5,27,7,July,3,Q3,2025,False,False
552,2025-07-05,Saturday,6,27,7,July,3,Q3,2025,True,False
553,2025-07-06,Sunday,7,27,7,July,3,Q3,2025,True,False
554,2025-07-07,Monday,1,28,7,July,3,Q3,2025,False,False
555,2025-07-08,Tuesday,2,28,7,July,3,Q3,2025,False,False
556,2025-07-09,Wednesday,3,28,7,July,3,Q3,2025,False,False
557,2025-07-10,Thursday,4,28,7,July,3,Q3,2025,False,False
558,2025-07-11,Friday,5,28,7,July,3,Q3,2025,False,False
559,2025-07-12,Saturday,6,28,7,July,3,Q3,2025,True,False
560,2025-07-13,Sunday,7,28,7,July,3,Q3,2025,True,False
561,2025-07-14,Monday,1,29,7,July,3,Q3,2025,False,False
562,2025-07-15,Tuesday,2,29,7,July,3,Q3,2025,False,False
563,2025-07-16,Wednesday,3,29,7,July,3,Q3,2025,False,False
564,2025-07-17,Thursday,4,29,7,July,3,Q3,2025,False,False
565,2025-07-18,Friday,5,29,7,July,3,Q3,2025,False,False
566,2025-07-19,Saturday,6,29,7,July,3,Q3,2025,True,False
567,2025-07-20,Sunday,7,29,7,July,3,Q3,2025,True,False
568,2025-07-21,Monday,1,30,7,July,3,Q3,2025,False,False
569,2025-07-22,Tuesday,2,30,7,July,3,Q3,2025,False,False
570,2025-07-23,Wednesday,3,30,7,July,3,Q3,2025,False,False
571,2025-07-24,Thursday,4,30,7,July,3,Q3,2025,False,False
572,2025-07-25,Friday,5,30,7,July,3,Q3,2025,False,False
573,2025-07-26,Saturday,6,30,7,July,3,Q3,2025,True,False
574,2025-07-27,Sunday,7,30,7,July,3,Q3,2025,True,False
575,2025-07-28,Monday,1,31,7,July,3,Q3,2025,False,False
576,2025-07-29,Tuesday,2,31,7,July,3,Q3,2025,False,False
577,2025-07-30,Wednesday,3,31,7,July,3,Q3,2025,False,False
578,2025-07-31,Thursday,4,31,7,July,3,Q3,2025,False,False
579,2025-08-01,Friday,5,31,8,August,3,Q3,2025,False,False
580,2025-08-02,Saturday,6,31,8,August,3,Q3,2025,True,False
581,2025-08-03,Sunday,7,31,8,August,3,Q3,2025,True,False
582,2025-08-04,Monday,1,32,8,August,3,Q3,2025,False,False
583,2025-08-05,Tuesday,2,32,8,August,3,Q3,2025,False,False
584,2025-08-06,Wednesday,3,32,8,August,3,Q3,2025,False,False
585,2025-08-07,Thursday,4,32,8,August,3,Q3,2025,False,False
586,2025-08-08,Friday,5,32,8,August,3,Q3,2025,False,False
587,2025-08-09,Saturday,6,32,8,August,3,Q3,2025,True,False
588,2025-08-10,Sunday,7,32,8,August,3,Q3,2025,True,False
589,2025-08-11,Monday,1,33,8,August,3,Q3,2025,False,False
590,2025-08-12,Tuesday,2,33,8,August,3,Q3,2025,False,False
591,2025-08-13,Wednesday,3,33,8,August,3,Q3,2025,False,False
592,2025-08-14,Thursday,4,33,8,August,3,Q3,2025,False,False
593,2025-08-15,Friday,5,33,8,August,3,Q3,2025,False,False
594,2025-08-16,Saturday,6,33,8,August,3,Q3,2025,True,False
595,2025-08-17,Sunday,7,33,8,August,3,Q3,2025,True,False
596,2025-08-18,Monday,1,34,8,August,3,Q3,2025,False,False
597,2025-08-19,Tuesday,2,34,8,August,3,Q3,2025,False,False
598,2025-08-20,Wednesday,3,34,8,August,3,Q3,2025,False,False
599,2025-08-21,Thursday,4,34,8,August,3,Q3,2025,False,False
600,2025-08-22,Friday,5,34,8,August,3,Q3,2025,False,False
601,2025-08-23,Saturday,6,34,8,August,3,Q3,2025,True,False
602,2025-08-24,Sunday,7,34,8,August,3,Q3,2025,True,False
603,2025-08-25,Monday,1,35,8,August,3,Q3,2025,False,False
604,2025-08-26,Tuesday,2,35,8,August,3,Q3,2025,False,False
605,2025-08-27,Wednesday,3,35,8,August,3,Q3,2025,False,False
606,2025-08-28,Thursday,4,35,8,August,3,Q3,2025,False,False
607,2025-08-29,Friday,5,35,8,August,3,Q3,2025,False,False
608,2025-08-30,Saturday,6,35,8,August,3,Q3,2025,True,False
609,2025-08-31,Sunday,7,35,8,August,3,Q3,2025,True,False
610,2025-09-01,Monday,1,36,9,September,3,Q3,2025,False,False
611,2025-09-02,Tuesday,2,36,9,September,3,Q3,2025,False,False
612,2025-09-03,Wednesday,3,36,9,September,3,Q3,2025,False,False
613,2025-09-04,Thursday,4,36,9,September,3,Q3,2025,False,False
614,2025-09-05,Friday,5,36,9,September,3,Q3,2025,False,False
615,2025-09-06,Saturday,6,36,9,September,3,Q3,2025,True,False
616,2025-09-07,Sunday,7,36,9,September,3,Q3,2025,True,False
617,2025-09-08,Monday,1,37,9,September,3,Q3,2025,False,False
618,2025-09-09,Tuesday,2,37,9,September,3,Q3,2025,False,False
619,2025-09-10,Wednesday,3,37,9,September,3,Q3,2025,False,False
620,2025-09-11,Thursday,4,37,9,September,3,Q3,2025,False,False
621,2025-09-12,Friday,5,37,9,September,3,Q3,2025,False,False
622,2025-09-13,Saturday,6,37,9,September,3,Q3,2025,True,False
623,2025-09-14,Sunday,7,37,9,September,3,Q3,2025,True,False
624,2025-09-15,Monday,1,38,9,September,3,Q3,2025,False,False
625,2025-09-16,Tuesday,2,38,9,September,3,Q3,2025,False,False
626,2025-09-17,Wednesday,3,38,9,September,3,Q3,2025,False,False
627,2025-09-18,Thursday,4,38,9,September,3,Q3,2025,False,False
628,2025-09-19,Friday,5,38,9,September,3,Q3,2025,False,False
629,2025-09-20,Saturday,6,38,9,September,3,Q3,2025,True,False
630,2025-09-21,Sunday,7,38,9,September,3,Q3,2025,True,False
631,2025-09-22,Monday,1,39,9,September,3,Q3,2025,False,False
632,2025-09-23,Tuesday,2,39,9,September,3,Q3,2025,False,False
633,2025-09-24,Wednesday,3,39,9,September,3,Q3,2025,False,False
634,2025-09-25,Thursday,4,39,9,September,3,Q3,2025,False,False
635,2025-09-26,Friday,5,39,9,September,3,Q3,2025,False,False
636,2025-09-27,Saturday,6,39,9,September,3,Q3,2025,True,False
637,2025-09-28,Sunday,7,39,9,September,3,Q3,2025,True,False
638,2025-09-29,Monday,1,40,9,September,3,Q3,2025,False,False
639,2025-09-30,Tuesday,2,40,9,September,3,Q3,2025,False,False
640,2025-10-01,Wednesday,3,40,10,October,4,Q4,2025,False,True
641,2025-10-02,Thursday,4,40,10,October,4,Q4,2025,False,False
642,2025-10-03,Friday,5,40,10,October,4,Q4,2025,False,False
643,2025-10-04,Saturday,6,40,10,October,4,Q4,2025,True,False
644,2025-10-05,Sunday,7,40,10,October,4,Q4,2025,True,False
645,2025-10-06,Monday,1,41,10,October,4,Q4,2025,False,False
646,2025-10-07,Tuesday,2,41,10,October,4,Q4,2025,False,False
647,2025-10-08,Wednesday,3,41,10,October,4,Q4,2025,False,False
648,2025-10-09,Thursday,4,41,10,October,4,Q4,2025,False,False
649,2025-10-10,Friday,5,41,10,October,4,Q4,2025,False,False
650,2025-10-11,Saturday,6,41,10,October,4,Q4,2025,True,False
651,2025-10-12,Sunday,7,41,10,October,4,Q4,2025,True,False
652,2025-10-13,Monday,1,42,10,October,4,Q4,2025,False,False
653,2025-10-14,Tuesday,2,42,10,October,4,Q4,2025,False,False
654,2025-10-15,Wednesday,3,42,10,October,4,Q4,2025,False,False
655,2025-10-16,Thursday,4,42,10,October,4,Q4,2025,False,False
656,2025-10-17,Friday,5,42,10,October,4,Q4,2025,False,False
657,2025-10-18,Saturday,6,42,10,October,4,Q4,2025,True,False
658,2025-10-19,Sunday,7,42,10,October,4,Q4,2025,True,False
659,2025-10-20,Monday,1,43,10,October,4,Q4,2025,False,False
660,2025-10-21,Tuesday,2,43,10,October,4,Q4,2025,False,False
661,2025-10-22,Wednesday,3,43,10,October,4,Q4,2025,False,False
662,2025-10-23,Thursday,4,43,10,October,4,Q4,2025,False,False
663,2025-10-24,Friday,5,43,10,October,4,Q4,2025,False,False
664,2025-10-25,Saturday,6,43,10,October,4,Q4,2025,True,False
665,2025-10-26,Sunday,7,43,10,October,4,Q4,2025,True,False
666,2025-10-27,Monday,1,44,10,October,4,Q4,2025,False,False
667,2025-10-28,Tuesday,2,44,10,October,4,Q4,2025,False,False
668,2025-10-29,Wednesday,3,44,10,October,4,Q4,2025,False,False
669,2025-10-30,Thursday,4,44,10,October,4,Q4,2025,False,False
670,2025-10-31,Friday,5,44,10,October,4,Q4,2025,False,False
671,2025-11-01,Saturday,6,44,11,November,4,Q4,2025,True,False
672,2025-11-02,Sunday,7,44,11,November,4,Q4,2025,True,False
673,2025-11-03,Monday,1,45,11,November,4,Q4,2025,False,False
674,2025-11-04,Tuesday,2,45,11,November,4,Q4,2025,False,False
675,2025-11-05,Wednesday,3,45,11,November,4,Q4,2025,False,False
676,2025-11-06,Thursday,4,45,11,November,4,Q4,2025,False,False
677,2025-11-07,Friday,5,45,11,November,4,Q4,2025,False,False
678,2025-11-08,Saturday,6,45,11,November,4,Q4,2025,True,False
679,2025-11-09,Sunday,7,45,11,November,4,Q4,2025,True,False
680,2025-11-10,Monday,1,46,11,November,4,Q4,2025,False,False
681,2025-11-11,Tuesday,2,46,11,November,4,Q4,2025,False,False
682,2025-11-12,Wednesday,3,46,11,November,4,Q4,2025,False,False
683,2025-11-13,Thursday,4,46,11,November,4,Q4,2025,False,False
684,2025-11-14,Friday,5,46,11,November,4,Q4,2025,False,False
685,2025-11-15,Saturday,6,46,11,November,4,Q4,2025,True,False
686,2025-11-16,Sunday,7,46,11,November,4,Q4,2025,True,False
687,2025-11-17,Monday,1,47,11,November,4,Q4,2025,False,False
688,2025-11-18,Tuesday,2,47,11,November,4,Q4,2025,False,False
689,2025-11-19,Wednesday,3,47,11,November,4,Q4,2025,False,False
690,2025-11-20,Thursday,4,47,11,November,4,Q4,2025,False,False
691,2025-11-21,Friday,5,47,11,November,4,Q4,2025,False,False
692,2025-11-22,Saturday,6,47,11,November,4,Q4,2025,True,False
693,2025-11-23,Sunday,7,47,11,November,4,Q4,2025,True,False
694,2025-11-24,Monday,1,48,11,November,4,Q4,2025,False,False
695,2025-11-25,Tuesday,2,48,11,November,4,Q4,2025,False,False
696,2025-11-26,Wednesday,3,48,11,November,4,Q4,2025,False,False
697,2025-11-27,Thursday,4,48,11,November,4,Q4,2025,False,False
698,2025-11-28,Friday,5,48,11,November,4,Q4,2025,False,False
699,2025-11-29,Saturday,6,48,11,November,4,Q4,2025,True,False
700,2025-11-30,Sunday,7,48,11,November,4,Q4,2025,True,False
701,2025-12-01,Monday,1,49,12,December,4,Q4,2025,False,False
702,2025-12-02,Tuesday,2,49,12,December,4,Q4,2025,False,False
703,2025-12-03,Wednesday,3,49,12,December,4,Q4,2025,False,False
704,2025-12-04,Thursday,4,49,12,December,4,Q4,2025,False,False
705,2025-12-05,Friday,5,49,12,December,4,Q4,2025,False,False
706,2025-12-06,Saturday,6,49,12,December,4,Q4,2025,True,False
707,2025-12-07,Sunday,7,49,12,December,4,Q4,2025,True,False
708,2025-12-08,Monday,1,50,12,December,4,Q4,2025,False,False
709,2025-12-09,Tuesday,2,50,12,December,4,Q4,2025,False,False
710,2025-12-10,Wednesday,3,50,12,December,4,Q4,2025,False,False
711,2025-12-11,Thursday,4,50,12,December,4,Q4,2025,False,False
712,2025-12-12,Friday,5,50,12,December,4,Q4,2025,False,False
713,2025-12-13,Saturday,6,50,12,December,4,Q4,2025,True,False
714,2025-12-14,Sunday,7,50,12,December,4,Q4,2025,True,False
715,2025-12-15,Monday,1,51,12,December,4,Q4,2025,False,False
716,2025-12-16,Tuesday,2,51,12,December,4,Q4,2025,False,False
717,2025-12-17,Wednesday,3,51,12,December,4,Q4,2025,False,False
718,2025-12-18,Thursday,4,51,12,December,4,Q4,2025,False,False
719,2025-12-19,Friday,5,51,12,December,4,Q4,2025,False,False
720,2025-12-20,Saturday,6,51,12,December,4,Q4,2025,True,False
721,2025-12-21,Sunday,7,51,12,December,4,Q4,2025,True,False
722,2025-12-22,Monday,1,52,12,December,4,Q4,2025,False,False
723,2025-12-23,Tuesday,2,52,12,December,4,Q4,2025,False,False
724,2025-12-24,Wednesday,3,52,12,December,4,Q4,2025,False,False
725,2025-12-25,Thursday,4,52,12,December,4,Q4,2025,False,True
726,2025-12-26,Friday,5,52,12,December,4,Q4,2025,False,True
727,2025-12-27,Saturday,6,52,12,December,4,Q4,2025,True,False
728,2025-12-28,Sunday,7,52,12,December,4,Q4,2025,True,False
729,2025-12-29,Monday,1,1,12,December,4,Q4,2025,False,False
730,2025-12-30,Tuesday,2,1,12,December,4,Q4,2025,False,False
731,2025-12-31,Wednesday,3,1,12,December,4,Q4,2025,False,False
